Account Number,Balance ,initial_minimum_balance,cliff block height ,First cliff vesting amount ,vesting_period,vesting_increment ,Estimated Cliff Date ,Estimated Completed Unlock Date ,Scenario 
1,1000000,500000,150,100000,3,5000,1.3125,1.8125,Part of tokens locked. 
2,1000000,500000,150,100000,3,5000,1.3125,1.8125,Part of tokens locked. 
3,1000000,500000,150,100000,3,5000,1.3125,1.8125,Part of tokens locked. 
4,1000000,500000,150,100000,3,5000,1.3125,1.8125,Part of tokens locked. 
5,1000000,500000,150,100000,3,5000,1.3125,1.8125,Part of tokens locked. 
6,1000000,500000,150,100000,3,5000,1.3125,1.8125,Part of tokens locked. 
7,1000000,500000,150,100000,3,5000,1.3125,1.8125,Part of tokens locked. 
8,1000000,500000,150,100000,3,5000,1.3125,1.8125,Part of tokens locked. 
9,1000000,500000,150,100000,3,5000,1.3125,1.8125,Part of tokens locked. 
10,1000000,500000,150,100000,3,5000,1.3125,1.8125,Part of tokens locked. 
11,1000000,100000,550,100000,0,0,2.145833333,#DIV/0!,Part of tokens unlocked at the same time
12,1000000,100000,550,100000,0,0,2.145833333,#DIV/0!,Part of tokens unlocked at the same time
13,1000000,100000,550,100000,0,0,2.145833333,#DIV/0!,Part of tokens unlocked at the same time
14,1000000,100000,550,100000,0,0,2.145833333,#DIV/0!,Part of tokens unlocked at the same time
15,1000000,100000,550,100000,0,0,2.145833333,#DIV/0!,Part of tokens unlocked at the same time
16,1000000,100000,550,100000,0,0,2.145833333,#DIV/0!,Part of tokens unlocked at the same time
17,1000000,100000,550,100000,0,0,2.145833333,#DIV/0!,Part of tokens unlocked at the same time
18,1000000,100000,550,100000,0,0,2.145833333,#DIV/0!,Part of tokens unlocked at the same time
19,1000000,100000,550,100000,0,0,2.145833333,#DIV/0!,Part of tokens unlocked at the same time
20,1000000,100000,550,100000,0,0,2.145833333,#DIV/0!,Part of tokens unlocked at the same time
21,100000,100000,400,100000,0,0,1.833333333,#DIV/0!,All tokens unlocked at the same time 
22,100000,100000,400,100000,0,0,1.833333333,#DIV/0!,All tokens unlocked at the same time 
23,100000,100000,400,100000,0,0,1.833333333,#DIV/0!,All tokens unlocked at the same time 
24,100000,100000,400,100000,0,0,1.833333333,#DIV/0!,All tokens unlocked at the same time 
25,100000,100000,400,100000,0,0,1.833333333,#DIV/0!,All tokens unlocked at the same time 
26,100000,100000,400,100000,0,0,1.833333333,#DIV/0!,All tokens unlocked at the same time 
27,100000,100000,400,100000,0,0,1.833333333,#DIV/0!,All tokens unlocked at the same time 
28,100000,100000,400,100000,0,0,1.833333333,#DIV/0!,All tokens unlocked at the same time 
29,100000,100000,400,100000,0,0,1.833333333,#DIV/0!,All tokens unlocked at the same time 
30,100000,100000,400,100000,0,0,1.833333333,#DIV/0!,All tokens unlocked at the same time 
31,100000,0,0,,0,0,0,#DIV/0!,No locking 
32,100000,0,0,,0,0,0,#DIV/0!,No locking 
33,100000,0,0,,0,0,0,#DIV/0!,No locking 
34,100000,0,0,,0,0,0,#DIV/0!,No locking 
35,100000,0,0,,0,0,0,#DIV/0!,No locking 
36,100000,0,0,,0,0,0,#DIV/0!,No locking 
37,100000,0,0,,0,0,0,#DIV/0!,No locking 
38,100000,0,0,,0,0,0,#DIV/0!,No locking 
39,100000,0,0,,0,0,0,#DIV/0!,No locking 
40,100000,0,0,,0,0,0,#DIV/0!,No locking 
41,100000,0,0,,0,0,0,#DIV/0!,No locking 
42,100000,0,0,,0,0,0,#DIV/0!,No locking 
43,100000,0,0,,0,0,0,#DIV/0!,No locking 
44,100000,0,0,,0,0,0,#DIV/0!,No locking 
45,100000,0,0,,0,0,0,#DIV/0!,No locking 
46,100000,0,0,,0,0,0,#DIV/0!,No locking 
47,100000,0,0,,0,0,0,#DIV/0!,No locking 
48,100000,0,0,,0,0,0,#DIV/0!,No locking 
49,100000,0,0,,0,0,0,#DIV/0!,No locking 
50,100000,0,0,,0,0,0,#DIV/0!,No locking 
51,100000,0,0,,0,0,0,#DIV/0!,No locking 
52,100000,0,0,,0,0,0,#DIV/0!,No locking 
53,100000,0,0,,0,0,0,#DIV/0!,No locking 
54,100000,0,0,,0,0,0,#DIV/0!,No locking 
55,100000,0,0,,0,0,0,#DIV/0!,No locking 
56,100000,0,0,,0,0,0,#DIV/0!,No locking 
57,100000,0,0,,0,0,0,#DIV/0!,No locking 
58,100000,0,0,,0,0,0,#DIV/0!,No locking 
59,100000,0,0,,0,0,0,#DIV/0!,No locking 
60,100000,0,0,,0,0,0,#DIV/0!,No locking 
61,100000,0,0,,0,0,0,#DIV/0!,No locking 
62,100000,0,0,,0,0,0,#DIV/0!,No locking 
63,100000,0,0,,0,0,0,#DIV/0!,No locking 
64,100000,0,0,,0,0,0,#DIV/0!,No locking 
65,100000,0,0,,0,0,0,#DIV/0!,No locking 
66,100000,0,0,,0,0,0,#DIV/0!,No locking 
67,100000,0,0,,0,0,0,#DIV/0!,No locking 
68,100000,0,0,,0,0,0,#DIV/0!,No locking 
69,100000,0,0,,0,0,0,#DIV/0!,No locking 
70,100000,0,0,,0,0,0,#DIV/0!,No locking 
71,100000,0,0,,0,0,0,#DIV/0!,No locking 
72,100000,0,0,,0,0,0,#DIV/0!,No locking 
73,100000,0,0,,0,0,0,#DIV/0!,No locking 
74,100000,0,0,,0,0,0,#DIV/0!,No locking 
75,100000,0,0,,0,0,0,#DIV/0!,No locking 
76,100000,0,0,,0,0,0,#DIV/0!,No locking 
77,100000,0,0,,0,0,0,#DIV/0!,No locking 
78,100000,0,0,,0,0,0,#DIV/0!,No locking 
79,100000,0,0,,0,0,0,#DIV/0!,No locking 
80,100000,0,0,,0,0,0,#DIV/0!,No locking 
81,100000,0,0,,0,0,0,#DIV/0!,No locking 
82,100000,0,0,,0,0,0,#DIV/0!,No locking 
83,100000,0,0,,0,0,0,#DIV/0!,No locking 
84,100000,0,0,,0,0,0,#DIV/0!,No locking 
85,100000,0,0,,0,0,0,#DIV/0!,No locking 
86,100000,0,0,,0,0,0,#DIV/0!,No locking 
87,100000,0,0,,0,0,0,#DIV/0!,No locking 
88,100000,0,0,,0,0,0,#DIV/0!,No locking 
89,100000,0,0,,0,0,0,#DIV/0!,No locking 
90,100000,0,0,,0,0,0,#DIV/0!,No locking 
91,100000,0,0,,0,0,0,#DIV/0!,No locking 
92,100000,0,0,,0,0,0,#DIV/0!,No locking 
93,100000,0,0,,0,0,0,#DIV/0!,No locking 
94,100000,0,0,,0,0,0,#DIV/0!,No locking 
95,100000,0,0,,0,0,0,#DIV/0!,No locking 
96,100000,0,0,,0,0,0,#DIV/0!,No locking 
97,100000,0,0,,0,0,0,#DIV/0!,No locking 
98,100000,0,0,,0,0,0,#DIV/0!,No locking 
99,100000,0,0,,0,0,0,#DIV/0!,No locking 
100,100000,0,0,,0,0,0,#DIV/0!,No locking 
101,100000,0,0,,0,0,0,#DIV/0!,No locking 
102,100000,0,0,,0,0,0,#DIV/0!,No locking 
103,100000,0,0,,0,0,0,#DIV/0!,No locking 
104,100000,0,0,,0,0,0,#DIV/0!,No locking 
105,100000,0,0,,0,0,0,#DIV/0!,No locking 
106,100000,0,0,,0,0,0,#DIV/0!,No locking 
107,100000,0,0,,0,0,0,#DIV/0!,No locking 
108,100000,0,0,,0,0,0,#DIV/0!,No locking 
109,100000,0,0,,0,0,0,#DIV/0!,No locking 
110,100000,0,0,,0,0,0,#DIV/0!,No locking 
111,100000,0,0,,0,0,0,#DIV/0!,No locking 
112,100000,0,0,,0,0,0,#DIV/0!,No locking 
113,100000,0,0,,0,0,0,#DIV/0!,No locking 
114,100000,0,0,,0,0,0,#DIV/0!,No locking 
115,100000,0,0,,0,0,0,#DIV/0!,No locking 
116,100000,0,0,,0,0,0,#DIV/0!,No locking 
117,100000,0,0,,0,0,0,#DIV/0!,No locking 
118,100000,0,0,,0,0,0,#DIV/0!,No locking 
119,100000,0,0,,0,0,0,#DIV/0!,No locking 
120,100000,0,0,,0,0,0,#DIV/0!,No locking 
121,100000,0,0,,0,0,0,#DIV/0!,No locking 
122,100000,0,0,,0,0,0,#DIV/0!,No locking 
123,100000,0,0,,0,0,0,#DIV/0!,No locking 
124,100000,0,0,,0,0,0,#DIV/0!,No locking 
125,100000,0,0,,0,0,0,#DIV/0!,No locking 
126,100000,0,0,,0,0,0,#DIV/0!,No locking 
127,100000,0,0,,0,0,0,#DIV/0!,No locking 
128,100000,0,0,,0,0,0,#DIV/0!,No locking 
129,100000,0,0,,0,0,0,#DIV/0!,No locking 
130,100000,0,0,,0,0,0,#DIV/0!,No locking 
131,100000,0,0,,0,0,0,#DIV/0!,No locking 
132,100000,0,0,,0,0,0,#DIV/0!,No locking 
133,100000,0,0,,0,0,0,#DIV/0!,No locking 
134,100000,0,0,,0,0,0,#DIV/0!,No locking 
135,100000,0,0,,0,0,0,#DIV/0!,No locking 
136,100000,0,0,,0,0,0,#DIV/0!,No locking 
137,100000,0,0,,0,0,0,#DIV/0!,No locking 
138,100000,0,0,,0,0,0,#DIV/0!,No locking 
139,100000,0,0,,0,0,0,#DIV/0!,No locking 
140,100000,0,0,,0,0,0,#DIV/0!,No locking 
141,100000,0,0,,0,0,0,#DIV/0!,No locking 
142,100000,0,0,,0,0,0,#DIV/0!,No locking 
143,100000,0,0,,0,0,0,#DIV/0!,No locking 
144,100000,0,0,,0,0,0,#DIV/0!,No locking 
145,100000,0,0,,0,0,0,#DIV/0!,No locking 
146,100000,0,0,,0,0,0,#DIV/0!,No locking 
147,100000,0,0,,0,0,0,#DIV/0!,No locking 
148,100000,0,0,,0,0,0,#DIV/0!,No locking 
149,100000,0,0,,0,0,0,#DIV/0!,No locking 
150,100000,0,0,,0,0,0,#DIV/0!,No locking 
151,100000,0,0,,0,0,0,#DIV/0!,No locking 
152,100000,0,0,,0,0,0,#DIV/0!,No locking 
153,100000,0,0,,0,0,0,#DIV/0!,No locking 
154,100000,0,0,,0,0,0,#DIV/0!,No locking 
155,100000,0,0,,0,0,0,#DIV/0!,No locking 
156,100000,0,0,,0,0,0,#DIV/0!,No locking 
157,100000,0,0,,0,0,0,#DIV/0!,No locking 
158,100000,0,0,,0,0,0,#DIV/0!,No locking 
159,100000,0,0,,0,0,0,#DIV/0!,No locking 
160,100000,0,0,,0,0,0,#DIV/0!,No locking 
161,100000,0,0,,0,0,0,#DIV/0!,No locking 
162,100000,0,0,,0,0,0,#DIV/0!,No locking 
163,100000,0,0,,0,0,0,#DIV/0!,No locking 
164,100000,0,0,,0,0,0,#DIV/0!,No locking 
165,100000,0,0,,0,0,0,#DIV/0!,No locking 
166,100000,0,0,,0,0,0,#DIV/0!,No locking 
167,100000,0,0,,0,0,0,#DIV/0!,No locking 
168,100000,0,0,,0,0,0,#DIV/0!,No locking 
169,100000,0,0,,0,0,0,#DIV/0!,No locking 
170,100000,0,0,,0,0,0,#DIV/0!,No locking 
171,100000,0,0,,0,0,0,#DIV/0!,No locking 
172,100000,0,0,,0,0,0,#DIV/0!,No locking 
173,100000,0,0,,0,0,0,#DIV/0!,No locking 
174,100000,0,0,,0,0,0,#DIV/0!,No locking 
175,100000,0,0,,0,0,0,#DIV/0!,No locking 
176,100000,0,0,,0,0,0,#DIV/0!,No locking 
177,100000,0,0,,0,0,0,#DIV/0!,No locking 
178,100000,0,0,,0,0,0,#DIV/0!,No locking 
179,100000,0,0,,0,0,0,#DIV/0!,No locking 
180,100000,0,0,,0,0,0,#DIV/0!,No locking 
181,100000,0,0,,0,0,0,#DIV/0!,No locking 
182,100000,0,0,,0,0,0,#DIV/0!,No locking 
183,100000,0,0,,0,0,0,#DIV/0!,No locking 
184,100000,0,0,,0,0,0,#DIV/0!,No locking 
185,100000,0,0,,0,0,0,#DIV/0!,No locking 
186,100000,0,0,,0,0,0,#DIV/0!,No locking 
187,100000,0,0,,0,0,0,#DIV/0!,No locking 
188,100000,0,0,,0,0,0,#DIV/0!,No locking 
189,100000,0,0,,0,0,0,#DIV/0!,No locking 
190,100000,0,0,,0,0,0,#DIV/0!,No locking 
191,100000,0,0,,0,0,0,#DIV/0!,No locking 
192,100000,0,0,,0,0,0,#DIV/0!,No locking 
193,100000,0,0,,0,0,0,#DIV/0!,No locking 
194,100000,0,0,,0,0,0,#DIV/0!,No locking 
195,100000,0,0,,0,0,0,#DIV/0!,No locking 
196,100000,0,0,,0,0,0,#DIV/0!,No locking 
197,100000,0,0,,0,0,0,#DIV/0!,No locking 
198,100000,0,0,,0,0,0,#DIV/0!,No locking 
199,100000,0,0,,0,0,0,#DIV/0!,No locking 
200,100000,0,0,,0,0,0,#DIV/0!,No locking 
201,66000,66000,500,8250,2,99,2.041666667,4.472222222,Vesting at a cliff and then continue to vest at a particular velocity (e.g. GFM) 
202,66000,66000,500,8250,2,99,2.041666667,4.472222222,Vesting at a cliff and then continue to vest at a particular velocity (e.g. GFM) 
203,66000,66000,500,8250,2,99,2.041666667,4.472222222,Vesting at a cliff and then continue to vest at a particular velocity (e.g. GFM) 
204,66000,66000,500,8250,2,99,2.041666667,4.472222222,Vesting at a cliff and then continue to vest at a particular velocity (e.g. GFM) 
205,66000,66000,500,8250,2,99,2.041666667,4.472222222,Vesting at a cliff and then continue to vest at a particular velocity (e.g. GFM) 
206,66000,66000,500,8250,2,99,2.041666667,4.472222222,Vesting at a cliff and then continue to vest at a particular velocity (e.g. GFM) 
207,66000,66000,500,8250,2,99,2.041666667,4.472222222,Vesting at a cliff and then continue to vest at a particular velocity (e.g. GFM) 
208,66000,66000,500,8250,2,99,2.041666667,4.472222222,Vesting at a cliff and then continue to vest at a particular velocity (e.g. GFM) 
209,66000,66000,500,8250,2,99,2.041666667,4.472222222,Vesting at a cliff and then continue to vest at a particular velocity (e.g. GFM) 
210,66000,66000,500,8250,2,99,2.041666667,4.472222222,Vesting at a cliff and then continue to vest at a particular velocity (e.g. GFM) 
211,66000,66000,500,8250,2,99,2.041666667,4.472222222,Vesting at a cliff and then continue to vest at a particular velocity (e.g. GFM) 
212,66000,66000,500,8250,2,99,2.041666667,4.472222222,Vesting at a cliff and then continue to vest at a particular velocity (e.g. GFM) 
213,66000,66000,500,8250,2,99,2.041666667,4.472222222,Vesting at a cliff and then continue to vest at a particular velocity (e.g. GFM) 
214,66000,66000,500,8250,2,99,2.041666667,4.472222222,Vesting at a cliff and then continue to vest at a particular velocity (e.g. GFM) 
215,66000,66000,500,8250,2,99,2.041666667,4.472222222,Vesting at a cliff and then continue to vest at a particular velocity (e.g. GFM) 
216,66000,66000,500,8250,2,99,2.041666667,4.472222222,Vesting at a cliff and then continue to vest at a particular velocity (e.g. GFM) 
217,66000,66000,500,8250,2,99,2.041666667,4.472222222,Vesting at a cliff and then continue to vest at a particular velocity (e.g. GFM) 
218,66000,66000,500,8250,2,99,2.041666667,4.472222222,Vesting at a cliff and then continue to vest at a particular velocity (e.g. GFM) 
219,66000,66000,500,8250,2,99,2.041666667,4.472222222,Vesting at a cliff and then continue to vest at a particular velocity (e.g. GFM) 
220,66000,66000,500,8250,2,99,2.041666667,4.472222222,Vesting at a cliff and then continue to vest at a particular velocity (e.g. GFM) 
221,66000,66000,500,8250,2,99,2.041666667,4.472222222,Vesting at a cliff and then continue to vest at a particular velocity (e.g. GFM) 
222,66000,66000,500,8250,2,99,2.041666667,4.472222222,Vesting at a cliff and then continue to vest at a particular velocity (e.g. GFM) 
223,66000,66000,500,8250,2,99,2.041666667,4.472222222,Vesting at a cliff and then continue to vest at a particular velocity (e.g. GFM) 
224,66000,66000,500,8250,2,99,2.041666667,4.472222222,Vesting at a cliff and then continue to vest at a particular velocity (e.g. GFM) 
225,66000,66000,500,8250,2,99,2.041666667,4.472222222,Vesting at a cliff and then continue to vest at a particular velocity (e.g. GFM) 
226,66000,66000,500,8250,2,99,2.041666667,4.472222222,Vesting at a cliff and then continue to vest at a particular velocity (e.g. GFM) 
227,66000,66000,500,8250,2,99,2.041666667,4.472222222,Vesting at a cliff and then continue to vest at a particular velocity (e.g. GFM) 
228,66000,66000,500,8250,2,99,2.041666667,4.472222222,Vesting at a cliff and then continue to vest at a particular velocity (e.g. GFM) 
229,66000,66000,500,8250,2,99,2.041666667,4.472222222,Vesting at a cliff and then continue to vest at a particular velocity (e.g. GFM) 
230,66000,66000,500,8250,2,99,2.041666667,4.472222222,Vesting at a cliff and then continue to vest at a particular velocity (e.g. GFM) 
231,66000,66000,500,8250,2,99,2.041666667,4.472222222,Vesting at a cliff and then continue to vest at a particular velocity (e.g. GFM) 
232,66000,66000,500,8250,2,99,2.041666667,4.472222222,Vesting at a cliff and then continue to vest at a particular velocity (e.g. GFM) 
233,66000,66000,500,8250,2,99,2.041666667,4.472222222,Vesting at a cliff and then continue to vest at a particular velocity (e.g. GFM) 
234,66000,66000,500,8250,2,99,2.041666667,4.472222222,Vesting at a cliff and then continue to vest at a particular velocity (e.g. GFM) 
235,66000,66000,500,8250,2,99,2.041666667,4.472222222,Vesting at a cliff and then continue to vest at a particular velocity (e.g. GFM) 
236,66000,66000,500,8250,2,99,2.041666667,4.472222222,Vesting at a cliff and then continue to vest at a particular velocity (e.g. GFM) 
237,66000,66000,500,8250,2,99,2.041666667,4.472222222,Vesting at a cliff and then continue to vest at a particular velocity (e.g. GFM) 
238,66000,66000,500,8250,2,99,2.041666667,4.472222222,Vesting at a cliff and then continue to vest at a particular velocity (e.g. GFM) 
239,66000,66000,500,8250,2,99,2.041666667,4.472222222,Vesting at a cliff and then continue to vest at a particular velocity (e.g. GFM) 
240,66000,66000,500,8250,2,99,2.041666667,4.472222222,Vesting at a cliff and then continue to vest at a particular velocity (e.g. GFM) 
241,66000,66000,500,8250,2,99,2.041666667,4.472222222,Vesting at a cliff and then continue to vest at a particular velocity (e.g. GFM) 
242,66000,66000,500,8250,2,99,2.041666667,4.472222222,Vesting at a cliff and then continue to vest at a particular velocity (e.g. GFM) 
243,66000,66000,500,8250,2,99,2.041666667,4.472222222,Vesting at a cliff and then continue to vest at a particular velocity (e.g. GFM) 
244,66000,66000,500,8250,2,99,2.041666667,4.472222222,Vesting at a cliff and then continue to vest at a particular velocity (e.g. GFM) 
245,66000,66000,500,8250,2,99,2.041666667,4.472222222,Vesting at a cliff and then continue to vest at a particular velocity (e.g. GFM) 
246,66000,66000,500,8250,2,99,2.041666667,4.472222222,Vesting at a cliff and then continue to vest at a particular velocity (e.g. GFM) 
247,66000,66000,500,8250,2,99,2.041666667,4.472222222,Vesting at a cliff and then continue to vest at a particular velocity (e.g. GFM) 
248,66000,66000,500,8250,2,99,2.041666667,4.472222222,Vesting at a cliff and then continue to vest at a particular velocity (e.g. GFM) 
249,66000,66000,500,8250,2,99,2.041666667,4.472222222,Vesting at a cliff and then continue to vest at a particular velocity (e.g. GFM) 
250,66000,66000,500,8250,2,99,2.041666667,4.472222222,Vesting at a cliff and then continue to vest at a particular velocity (e.g. GFM) 
251,66000,66000,500,8250,2,99,2.041666667,4.472222222,Vesting at a cliff and then continue to vest at a particular velocity (e.g. GFM) 
252,66000,66000,500,8250,2,99,2.041666667,4.472222222,Vesting at a cliff and then continue to vest at a particular velocity (e.g. GFM) 
253,66000,66000,500,8250,2,99,2.041666667,4.472222222,Vesting at a cliff and then continue to vest at a particular velocity (e.g. GFM) 
254,66000,66000,500,8250,2,99,2.041666667,4.472222222,Vesting at a cliff and then continue to vest at a particular velocity (e.g. GFM) 
255,66000,66000,500,8250,2,99,2.041666667,4.472222222,Vesting at a cliff and then continue to vest at a particular velocity (e.g. GFM) 
256,66000,66000,500,8250,2,99,2.041666667,4.472222222,Vesting at a cliff and then continue to vest at a particular velocity (e.g. GFM) 
257,66000,66000,500,8250,2,99,2.041666667,4.472222222,Vesting at a cliff and then continue to vest at a particular velocity (e.g. GFM) 
258,66000,66000,500,8250,2,99,2.041666667,4.472222222,Vesting at a cliff and then continue to vest at a particular velocity (e.g. GFM) 
259,66000,66000,500,8250,2,99,2.041666667,4.472222222,Vesting at a cliff and then continue to vest at a particular velocity (e.g. GFM) 
260,66000,66000,500,8250,2,99,2.041666667,4.472222222,Vesting at a cliff and then continue to vest at a particular velocity (e.g. GFM) 
261,66000,66000,500,8250,2,99,2.041666667,4.472222222,Vesting at a cliff and then continue to vest at a particular velocity (e.g. GFM) 
262,66000,66000,500,8250,2,99,2.041666667,4.472222222,Vesting at a cliff and then continue to vest at a particular velocity (e.g. GFM) 
263,66000,66000,500,8250,2,99,2.041666667,4.472222222,Vesting at a cliff and then continue to vest at a particular velocity (e.g. GFM) 
264,66000,66000,500,8250,2,99,2.041666667,4.472222222,Vesting at a cliff and then continue to vest at a particular velocity (e.g. GFM) 
265,66000,66000,500,8250,2,99,2.041666667,4.472222222,Vesting at a cliff and then continue to vest at a particular velocity (e.g. GFM) 
266,66000,66000,500,8250,2,99,2.041666667,4.472222222,Vesting at a cliff and then continue to vest at a particular velocity (e.g. GFM) 
267,66000,66000,500,8250,2,99,2.041666667,4.472222222,Vesting at a cliff and then continue to vest at a particular velocity (e.g. GFM) 
268,66000,66000,500,8250,2,99,2.041666667,4.472222222,Vesting at a cliff and then continue to vest at a particular velocity (e.g. GFM) 
269,66000,66000,500,8250,2,99,2.041666667,4.472222222,Vesting at a cliff and then continue to vest at a particular velocity (e.g. GFM) 
270,66000,66000,500,8250,2,99,2.041666667,4.472222222,Vesting at a cliff and then continue to vest at a particular velocity (e.g. GFM) 
271,66000,66000,500,8250,2,99,2.041666667,4.472222222,Vesting at a cliff and then continue to vest at a particular velocity (e.g. GFM) 
272,66000,66000,500,8250,2,99,2.041666667,4.472222222,Vesting at a cliff and then continue to vest at a particular velocity (e.g. GFM) 
273,66000,66000,500,8250,2,99,2.041666667,4.472222222,Vesting at a cliff and then continue to vest at a particular velocity (e.g. GFM) 
274,66000,66000,500,8250,2,99,2.041666667,4.472222222,Vesting at a cliff and then continue to vest at a particular velocity (e.g. GFM) 
275,66000,66000,500,8250,2,99,2.041666667,4.472222222,Vesting at a cliff and then continue to vest at a particular velocity (e.g. GFM) 
276,66000,66000,500,8250,2,99,2.041666667,4.472222222,Vesting at a cliff and then continue to vest at a particular velocity (e.g. GFM) 
277,66000,66000,500,8250,2,99,2.041666667,4.472222222,Vesting at a cliff and then continue to vest at a particular velocity (e.g. GFM) 
278,66000,66000,500,8250,2,99,2.041666667,4.472222222,Vesting at a cliff and then continue to vest at a particular velocity (e.g. GFM) 
279,66000,66000,500,8250,2,99,2.041666667,4.472222222,Vesting at a cliff and then continue to vest at a particular velocity (e.g. GFM) 
280,66000,66000,500,8250,2,99,2.041666667,4.472222222,Vesting at a cliff and then continue to vest at a particular velocity (e.g. GFM) 
281,66000,66000,500,8250,2,99,2.041666667,4.472222222,Vesting at a cliff and then continue to vest at a particular velocity (e.g. GFM) 
282,66000,66000,500,8250,2,99,2.041666667,4.472222222,Vesting at a cliff and then continue to vest at a particular velocity (e.g. GFM) 
283,66000,66000,500,8250,2,99,2.041666667,4.472222222,Vesting at a cliff and then continue to vest at a particular velocity (e.g. GFM) 
284,66000,66000,500,8250,2,99,2.041666667,4.472222222,Vesting at a cliff and then continue to vest at a particular velocity (e.g. GFM) 
285,66000,66000,500,8250,2,99,2.041666667,4.472222222,Vesting at a cliff and then continue to vest at a particular velocity (e.g. GFM) 
286,66000,66000,500,8250,2,99,2.041666667,4.472222222,Vesting at a cliff and then continue to vest at a particular velocity (e.g. GFM) 
287,66000,66000,500,8250,2,99,2.041666667,4.472222222,Vesting at a cliff and then continue to vest at a particular velocity (e.g. GFM) 
288,66000,66000,500,8250,2,99,2.041666667,4.472222222,Vesting at a cliff and then continue to vest at a particular velocity (e.g. GFM) 
289,66000,66000,500,8250,2,99,2.041666667,4.472222222,Vesting at a cliff and then continue to vest at a particular velocity (e.g. GFM) 
290,66000,66000,500,8250,2,99,2.041666667,4.472222222,Vesting at a cliff and then continue to vest at a particular velocity (e.g. GFM) 
291,66000,66000,500,8250,2,99,2.041666667,4.472222222,Vesting at a cliff and then continue to vest at a particular velocity (e.g. GFM) 
292,66000,66000,500,8250,2,99,2.041666667,4.472222222,Vesting at a cliff and then continue to vest at a particular velocity (e.g. GFM) 
293,66000,66000,500,8250,2,99,2.041666667,4.472222222,Vesting at a cliff and then continue to vest at a particular velocity (e.g. GFM) 
294,66000,66000,500,8250,2,99,2.041666667,4.472222222,Vesting at a cliff and then continue to vest at a particular velocity (e.g. GFM) 
295,66000,66000,500,8250,2,99,2.041666667,4.472222222,Vesting at a cliff and then continue to vest at a particular velocity (e.g. GFM) 
296,66000,66000,500,8250,2,99,2.041666667,4.472222222,Vesting at a cliff and then continue to vest at a particular velocity (e.g. GFM) 
297,66000,66000,500,8250,2,99,2.041666667,4.472222222,Vesting at a cliff and then continue to vest at a particular velocity (e.g. GFM) 
298,66000,66000,500,8250,2,99,2.041666667,4.472222222,Vesting at a cliff and then continue to vest at a particular velocity (e.g. GFM) 
299,66000,66000,500,8250,2,99,2.041666667,4.472222222,Vesting at a cliff and then continue to vest at a particular velocity (e.g. GFM) 
300,66000,66000,500,8250,2,99,2.041666667,4.472222222,Vesting at a cliff and then continue to vest at a particular velocity (e.g. GFM) 
301,66000,66000,1000,16500,4,198,3.083333333,5.166666667,Vesting at a cliff and then continue to vest at a particular velocity (e.g. GFM) 
302,66000,66000,1000,16500,4,198,3.083333333,5.166666667,Vesting at a cliff and then continue to vest at a particular velocity (e.g. GFM) 
303,66000,66000,1000,16500,4,198,3.083333333,5.166666667,Vesting at a cliff and then continue to vest at a particular velocity (e.g. GFM) 
304,66000,66000,1000,16500,4,198,3.083333333,5.166666667,Vesting at a cliff and then continue to vest at a particular velocity (e.g. GFM) 
305,66000,66000,1000,16500,4,198,3.083333333,5.166666667,Vesting at a cliff and then continue to vest at a particular velocity (e.g. GFM) 
306,66000,66000,1000,16500,4,198,3.083333333,5.166666667,Vesting at a cliff and then continue to vest at a particular velocity (e.g. GFM) 
307,66000,66000,1000,16500,4,198,3.083333333,5.166666667,Vesting at a cliff and then continue to vest at a particular velocity (e.g. GFM) 
308,66000,66000,1000,16500,4,198,3.083333333,5.166666667,Vesting at a cliff and then continue to vest at a particular velocity (e.g. GFM) 
309,66000,66000,1000,16500,4,198,3.083333333,5.166666667,Vesting at a cliff and then continue to vest at a particular velocity (e.g. GFM) 
310,66000,66000,1000,16500,4,198,3.083333333,5.166666667,Vesting at a cliff and then continue to vest at a particular velocity (e.g. GFM) 
311,66000,66000,1000,16500,4,198,3.083333333,5.166666667,Vesting at a cliff and then continue to vest at a particular velocity (e.g. GFM) 
312,66000,66000,1000,16500,4,198,3.083333333,5.166666667,Vesting at a cliff and then continue to vest at a particular velocity (e.g. GFM) 
313,66000,66000,1000,16500,4,198,3.083333333,5.166666667,Vesting at a cliff and then continue to vest at a particular velocity (e.g. GFM) 
314,66000,66000,1000,16500,4,198,3.083333333,5.166666667,Vesting at a cliff and then continue to vest at a particular velocity (e.g. GFM) 
315,66000,66000,1000,16500,4,198,3.083333333,5.166666667,Vesting at a cliff and then continue to vest at a particular velocity (e.g. GFM) 
316,66000,66000,1000,16500,4,198,3.083333333,5.166666667,Vesting at a cliff and then continue to vest at a particular velocity (e.g. GFM) 
317,66000,66000,1000,16500,4,198,3.083333333,5.166666667,Vesting at a cliff and then continue to vest at a particular velocity (e.g. GFM) 
318,66000,66000,1000,16500,4,198,3.083333333,5.166666667,Vesting at a cliff and then continue to vest at a particular velocity (e.g. GFM) 
319,66000,66000,1000,16500,4,198,3.083333333,5.166666667,Vesting at a cliff and then continue to vest at a particular velocity (e.g. GFM) 
320,66000,66000,1000,16500,4,198,3.083333333,5.166666667,Vesting at a cliff and then continue to vest at a particular velocity (e.g. GFM) 
321,66000,66000,1000,16500,4,198,3.083333333,5.166666667,Vesting at a cliff and then continue to vest at a particular velocity (e.g. GFM) 
322,66000,66000,1000,16500,4,198,3.083333333,5.166666667,Vesting at a cliff and then continue to vest at a particular velocity (e.g. GFM) 
323,66000,66000,1000,16500,4,198,3.083333333,5.166666667,Vesting at a cliff and then continue to vest at a particular velocity (e.g. GFM) 
324,66000,66000,1000,16500,4,198,3.083333333,5.166666667,Vesting at a cliff and then continue to vest at a particular velocity (e.g. GFM) 
325,66000,66000,1000,16500,4,198,3.083333333,5.166666667,Vesting at a cliff and then continue to vest at a particular velocity (e.g. GFM) 
326,66000,66000,1000,16500,4,198,3.083333333,5.166666667,Vesting at a cliff and then continue to vest at a particular velocity (e.g. GFM) 
327,66000,66000,1000,16500,4,198,3.083333333,5.166666667,Vesting at a cliff and then continue to vest at a particular velocity (e.g. GFM) 
328,66000,66000,1000,16500,4,198,3.083333333,5.166666667,Vesting at a cliff and then continue to vest at a particular velocity (e.g. GFM) 
329,66000,66000,1000,16500,4,198,3.083333333,5.166666667,Vesting at a cliff and then continue to vest at a particular velocity (e.g. GFM) 
330,66000,66000,1000,16500,4,198,3.083333333,5.166666667,Vesting at a cliff and then continue to vest at a particular velocity (e.g. GFM) 
331,66000,66000,1000,16500,4,198,3.083333333,5.166666667,Vesting at a cliff and then continue to vest at a particular velocity (e.g. GFM) 
332,66000,66000,1000,16500,4,198,3.083333333,5.166666667,Vesting at a cliff and then continue to vest at a particular velocity (e.g. GFM) 
333,66000,66000,1000,16500,4,198,3.083333333,5.166666667,Vesting at a cliff and then continue to vest at a particular velocity (e.g. GFM) 
334,66000,66000,1000,16500,4,198,3.083333333,5.166666667,Vesting at a cliff and then continue to vest at a particular velocity (e.g. GFM) 
335,66000,66000,1000,16500,4,198,3.083333333,5.166666667,Vesting at a cliff and then continue to vest at a particular velocity (e.g. GFM) 
336,66000,66000,1000,16500,4,198,3.083333333,5.166666667,Vesting at a cliff and then continue to vest at a particular velocity (e.g. GFM) 
337,66000,66000,1000,16500,4,198,3.083333333,5.166666667,Vesting at a cliff and then continue to vest at a particular velocity (e.g. GFM) 
338,66000,66000,1000,16500,4,198,3.083333333,5.166666667,Vesting at a cliff and then continue to vest at a particular velocity (e.g. GFM) 
339,66000,66000,1000,16500,4,198,3.083333333,5.166666667,Vesting at a cliff and then continue to vest at a particular velocity (e.g. GFM) 
340,66000,66000,1000,16500,4,198,3.083333333,5.166666667,Vesting at a cliff and then continue to vest at a particular velocity (e.g. GFM) 
341,66000,66000,1000,16500,4,198,3.083333333,5.166666667,Vesting at a cliff and then continue to vest at a particular velocity (e.g. GFM) 
342,66000,66000,1000,16500,4,198,3.083333333,5.166666667,Vesting at a cliff and then continue to vest at a particular velocity (e.g. GFM) 
343,66000,66000,1000,16500,4,198,3.083333333,5.166666667,Vesting at a cliff and then continue to vest at a particular velocity (e.g. GFM) 
344,66000,66000,1000,16500,4,198,3.083333333,5.166666667,Vesting at a cliff and then continue to vest at a particular velocity (e.g. GFM) 
345,66000,66000,1000,16500,4,198,3.083333333,5.166666667,Vesting at a cliff and then continue to vest at a particular velocity (e.g. GFM) 
346,66000,66000,1000,16500,4,198,3.083333333,5.166666667,Vesting at a cliff and then continue to vest at a particular velocity (e.g. GFM) 
347,66000,66000,1000,16500,4,198,3.083333333,5.166666667,Vesting at a cliff and then continue to vest at a particular velocity (e.g. GFM) 
348,66000,66000,1000,16500,4,198,3.083333333,5.166666667,Vesting at a cliff and then continue to vest at a particular velocity (e.g. GFM) 
349,66000,66000,1000,16500,4,198,3.083333333,5.166666667,Vesting at a cliff and then continue to vest at a particular velocity (e.g. GFM) 
350,66000,66000,1000,16500,4,198,3.083333333,5.166666667,Vesting at a cliff and then continue to vest at a particular velocity (e.g. GFM) 
351,66000,66000,1000,16500,4,198,3.083333333,5.166666667,Vesting at a cliff and then continue to vest at a particular velocity (e.g. GFM) 
352,66000,66000,1000,16500,4,198,3.083333333,5.166666667,Vesting at a cliff and then continue to vest at a particular velocity (e.g. GFM) 
353,66000,66000,1000,16500,4,198,3.083333333,5.166666667,Vesting at a cliff and then continue to vest at a particular velocity (e.g. GFM) 
354,66000,66000,1000,16500,4,198,3.083333333,5.166666667,Vesting at a cliff and then continue to vest at a particular velocity (e.g. GFM) 
355,66000,66000,1000,16500,4,198,3.083333333,5.166666667,Vesting at a cliff and then continue to vest at a particular velocity (e.g. GFM) 
356,66000,66000,1000,16500,4,198,3.083333333,5.166666667,Vesting at a cliff and then continue to vest at a particular velocity (e.g. GFM) 
357,66000,66000,1000,16500,4,198,3.083333333,5.166666667,Vesting at a cliff and then continue to vest at a particular velocity (e.g. GFM) 
358,66000,66000,1000,16500,4,198,3.083333333,5.166666667,Vesting at a cliff and then continue to vest at a particular velocity (e.g. GFM) 
359,66000,66000,1000,16500,4,198,3.083333333,5.166666667,Vesting at a cliff and then continue to vest at a particular velocity (e.g. GFM) 
360,66000,66000,1000,16500,4,198,3.083333333,5.166666667,Vesting at a cliff and then continue to vest at a particular velocity (e.g. GFM) 
361,66000,66000,1000,16500,4,198,3.083333333,5.166666667,Vesting at a cliff and then continue to vest at a particular velocity (e.g. GFM) 
362,66000,66000,1000,16500,4,198,3.083333333,5.166666667,Vesting at a cliff and then continue to vest at a particular velocity (e.g. GFM) 
363,66000,66000,1000,16500,4,198,3.083333333,5.166666667,Vesting at a cliff and then continue to vest at a particular velocity (e.g. GFM) 
364,66000,66000,1000,16500,4,198,3.083333333,5.166666667,Vesting at a cliff and then continue to vest at a particular velocity (e.g. GFM) 
365,66000,66000,1000,16500,4,198,3.083333333,5.166666667,Vesting at a cliff and then continue to vest at a particular velocity (e.g. GFM) 
366,66000,66000,1000,16500,4,198,3.083333333,5.166666667,Vesting at a cliff and then continue to vest at a particular velocity (e.g. GFM) 
367,66000,66000,1000,16500,4,198,3.083333333,5.166666667,Vesting at a cliff and then continue to vest at a particular velocity (e.g. GFM) 
368,66000,66000,1000,16500,4,198,3.083333333,5.166666667,Vesting at a cliff and then continue to vest at a particular velocity (e.g. GFM) 
369,66000,66000,1000,16500,4,198,3.083333333,5.166666667,Vesting at a cliff and then continue to vest at a particular velocity (e.g. GFM) 
370,66000,66000,1000,16500,4,198,3.083333333,5.166666667,Vesting at a cliff and then continue to vest at a particular velocity (e.g. GFM) 
371,66000,66000,1000,16500,4,198,3.083333333,5.166666667,Vesting at a cliff and then continue to vest at a particular velocity (e.g. GFM) 
372,66000,66000,1000,16500,4,198,3.083333333,5.166666667,Vesting at a cliff and then continue to vest at a particular velocity (e.g. GFM) 
373,66000,66000,1000,16500,4,198,3.083333333,5.166666667,Vesting at a cliff and then continue to vest at a particular velocity (e.g. GFM) 
374,66000,66000,1000,16500,4,198,3.083333333,5.166666667,Vesting at a cliff and then continue to vest at a particular velocity (e.g. GFM) 
375,66000,66000,1000,16500,4,198,3.083333333,5.166666667,Vesting at a cliff and then continue to vest at a particular velocity (e.g. GFM) 
376,66000,66000,1000,16500,4,198,3.083333333,5.166666667,Vesting at a cliff and then continue to vest at a particular velocity (e.g. GFM) 
377,66000,66000,1000,16500,4,198,3.083333333,5.166666667,Vesting at a cliff and then continue to vest at a particular velocity (e.g. GFM) 
378,66000,66000,1000,16500,4,198,3.083333333,5.166666667,Vesting at a cliff and then continue to vest at a particular velocity (e.g. GFM) 
379,66000,66000,1000,16500,1,60,3.083333333,4.802083333,Continue Unlocking starting a slot number
380,66000,66000,1000,16500,1,60,3.083333333,4.802083333,Continue Unlocking starting a slot number
381,66000,66000,1000,16500,1,60,3.083333333,4.802083333,Continue Unlocking starting a slot number
382,66000,66000,1000,16500,1,60,3.083333333,4.802083333,Continue Unlocking starting a slot number
383,66000,66000,1000,16500,1,60,3.083333333,4.802083333,Continue Unlocking starting a slot number
384,66000,66000,1000,16500,1,60,3.083333333,4.802083333,Continue Unlocking starting a slot number
385,66000,66000,1000,16500,1,60,3.083333333,4.802083333,Continue Unlocking starting a slot number
386,66000,66000,1000,16500,1,60,3.083333333,4.802083333,Continue Unlocking starting a slot number
387,66000,66000,1000,16500,1,60,3.083333333,4.802083333,Continue Unlocking starting a slot number
388,66000,66000,1000,16500,1,60,3.083333333,4.802083333,Continue Unlocking starting a slot number
389,66000,66000,1000,16500,1,60,3.083333333,4.802083333,Continue Unlocking starting a slot number
390,66000,66000,1000,16500,1,60,3.083333333,4.802083333,Continue Unlocking starting a slot number
391,66000,66000,1000,16500,1,60,3.083333333,4.802083333,Continue Unlocking starting a slot number
392,66000,66000,1000,16500,1,60,3.083333333,4.802083333,Continue Unlocking starting a slot number
393,66000,66000,1000,16500,1,60,3.083333333,4.802083333,Continue Unlocking starting a slot number
394,66000,66000,1000,16500,1,60,3.083333333,4.802083333,Continue Unlocking starting a slot number
395,66000,66000,1000,16500,1,60,3.083333333,4.802083333,Continue Unlocking starting a slot number
396,66000,66000,1000,16500,1,60,3.083333333,4.802083333,Continue Unlocking starting a slot number
397,66000,66000,1000,16500,1,60,3.083333333,4.802083333,Continue Unlocking starting a slot number
398,66000,66000,1000,16500,1,60,3.083333333,4.802083333,Continue Unlocking starting a slot number
399,66000,66000,1000,16500,1,60,3.083333333,4.802083333,Continue Unlocking starting a slot number
400,66000,66000,1000,16500,1,60,3.083333333,4.802083333,Continue Unlocking starting a slot number
401,100000,100000,1,200,1,200,1.002083333,2.041666667,Continueous unlocking starting slot 1 
402,100000,100000,1,200,1,200,1.002083333,2.041666667,Continueous unlocking starting slot 1 
403,100000,100000,1,200,1,200,1.002083333,2.041666667,Continueous unlocking starting slot 1
404,100000,100000,1,200,1,200,1.002083333,2.041666667,Continueous unlocking starting slot 1
405,100000,100000,1,200,1,200,1.002083333,2.041666667,Continueous unlocking starting slot 1
406,100000,100000,1,200,1,200,1.002083333,2.041666667,Continueous unlocking starting slot 1
407,100000,100000,1,200,1,200,1.002083333,2.041666667,Continueous unlocking starting slot 1
408,100000,100000,1,200,1,200,1.002083333,2.041666667,Continueous unlocking starting slot 1
409,100000,100000,1,200,1,200,1.002083333,2.041666667,Continueous unlocking starting slot 1
410,100000,100000,1,200,1,200,1.002083333,2.041666667,Continueous unlocking starting slot 1
411,100000,100000,1,200,1,200,1.002083333,2.041666667,Continueous unlocking starting slot 1
412,100000,100000,1,200,1,200,1.002083333,2.041666667,Continueous unlocking starting slot 1
413,100000,100000,1,200,1,200,1.002083333,2.041666667,Continueous unlocking starting slot 1
414,100000,100000,1,200,1,200,1.002083333,2.041666667,Continueous unlocking starting slot 1
415,100000,100000,1,200,1,200,1.002083333,2.041666667,Continueous unlocking starting slot 1
416,100000,100000,1,200,1,200,1.002083333,2.041666667,Continueous unlocking starting slot 1
417,100000,100000,1,200,1,200,1.002083333,2.041666667,Continueous unlocking starting slot 1
418,100000,100000,1,200,1,200,1.002083333,2.041666667,Continueous unlocking starting slot 1
419,100000,100000,1,200,1,200,1.002083333,2.041666667,Continueous unlocking starting slot 1
420,100000,100000,1,200,1,200,1.002083333,2.041666667,Continueous unlocking starting slot 1
421,100000,100000,1,200,1,200,1.002083333,2.041666667,Continueous unlocking starting slot 1
422,100000,100000,1,200,1,200,1.002083333,2.041666667,Continueous unlocking starting slot 1
423,100000,100000,1,200,1,200,1.002083333,2.041666667,Continueous unlocking starting slot 1
424,100000,100000,1,200,1,200,1.002083333,2.041666667,Continueous unlocking starting slot 1
425,100000,100000,1,200,1,200,1.002083333,2.041666667,Continueous unlocking starting slot 1
426,100000,100000,1,200,1,200,1.002083333,2.041666667,Continueous unlocking starting slot 1
427,100000,100000,1,200,1,200,1.002083333,2.041666667,Continueous unlocking starting slot 1
428,100000,100000,1,200,1,200,1.002083333,2.041666667,Continueous unlocking starting slot 1
429,100000,100000,1,200,1,200,1.002083333,2.041666667,Continueous unlocking starting slot 1
430,100000,100000,1,200,1,200,1.002083333,2.041666667,Continueous unlocking starting slot 1
431,100000,100000,1,200,1,200,1.002083333,2.041666667,Continueous unlocking starting slot 1
432,100000,100000,1,200,1,200,1.002083333,2.041666667,Continueous unlocking starting slot 1
433,100000,100000,1,200,1,200,1.002083333,2.041666667,Continueous unlocking starting slot 1
434,100000,100000,1,200,1,200,1.002083333,2.041666667,Continueous unlocking starting slot 1
435,100000,100000,1,200,1,200,1.002083333,2.041666667,Continueous unlocking starting slot 1
436,100000,100000,1,200,1,200,1.002083333,2.041666667,Continueous unlocking starting slot 1
437,100000,100000,1,200,1,200,1.002083333,2.041666667,Continueous unlocking starting slot 1
438,100000,100000,1,200,1,200,1.002083333,2.041666667,Continueous unlocking starting slot 1
439,100000,100000,1,200,1,200,1.002083333,2.041666667,Continueous unlocking starting slot 1
440,100000,100000,1,200,1,200,1.002083333,2.041666667,Continueous unlocking starting slot 1
441,100000,100000,1,200,1,200,1.002083333,2.041666667,Continueous unlocking starting slot 1
442,100000,100000,1,200,1,200,1.002083333,2.041666667,Continueous unlocking starting slot 1
443,100000,100000,1,200,1,200,1.002083333,2.041666667,Continueous unlocking starting slot 1
444,100000,100000,1,200,1,200,1.002083333,2.041666667,Continueous unlocking starting slot 1
445,100000,100000,1,200,1,200,1.002083333,2.041666667,Continueous unlocking starting slot 1
446,100000,100000,1,200,1,200,1.002083333,2.041666667,Continueous unlocking starting slot 1
447,100000,100000,1,200,1,200,1.002083333,2.041666667,Continueous unlocking starting slot 1
448,100000,100000,1,200,1,200,1.002083333,2.041666667,Continueous unlocking starting slot 1
449,100000,100000,1,200,1,200,1.002083333,2.041666667,Continueous unlocking starting slot 1
450,100000,100000,1,200,1,200,1.002083333,2.041666667,Continueous unlocking starting slot 1